<?xml version="1.0" encoding="UTF-8"?>

<!--********** Copyright 2016 Roku Corp.  All Rights Reserved. **********-->

<component name="MainScene" extends="Scene" xmlns:xsi="http://www.w3.org/2001/XMLSchema-instance" xsi:noNamespaceSchemaLocation="https://devtools.web.roku.com/schema/RokuSceneGraph.xsd">
	<!-- importing main handler -->
	 <interface>
	 <field type="string" id="button2selected" alwaysNotify="true" onChange="button2Click" alias="button2.buttonSelected" />
    <field type="string"  id="button1selected" alwaysNotify="true" onChange="button1Click" alias="button1.buttonSelected" />
    </interface>
    <script type="text/brightscript" uri="pkg:/components/MainScene.brs" />
	<children>
    	<Button translation = "[ 0.0, 0.0 ]" id="button1" text="Button1" textColor="0xddddddff" focusedTextColor="0x262626ff"> </Button>
    	<Button translation= "[ 0.0, 100.0 ]" id="button2" text="Button2" textColor="0xddddddff" focusedTextColor="0x262626ff"> </Button>
    	<Button translation = "[ 400.0, 0.0 ]" id="button3" text="Button3" textColor="0xddddddff" focusedTextColor="0x262626ff"> </Button>
    	<Button translation= "[ 400.0, 100.0 ]" id="button4" text="Button4" textColor="0xddddddff" focusedTextColor="0x262626ff"> </Button>
    </children>
    
    
</component>
